{"accuracy": [0.6043388843536377, 0.8611850142478943, 0.9142897725105286, 0.9408350586891174, 0.9545060396194458, 0.9649477005004883, 0.9707518219947815, 0.975986897945404, 0.9788604974746704, 0.9808236956596375], "loss": [1.3387516736984253, 0.4361661672592163, 0.2686406970024109, 0.1840990036725998, 0.13787581026554108, 0.10464582592248917, 0.08954295516014099, 0.07294046878814697, 0.06294100731611252, 0.05794413387775421], "val_accuracy": [0.8566172122955322, 0.9085248708724976, 0.9228461384773254, 0.9336012601852417, 0.9487716555595398, 0.9541491866111755, 0.9438469409942627, 0.9584512710571289, 0.9575455784797668, 0.9706215262413025], "val_loss": [0.45378419756889343, 0.27644413709640503, 0.24109874665737152, 0.2055739313364029, 0.16476541757583618, 0.14415885508060455, 0.17443862557411194, 0.13204234838485718, 0.14498461782932281, 0.09783485531806946]}